;Name;wikiQLabel;wikiQ;instance
0;Anton von Blarerweg;Anton von Blarer;http://www.wikidata.org/entity/Q596128;Mensch
0;Ober-Aesch-Bannackerweg;Aesch Bannacker;;
0;Lärchenweg Häuli;Lärchen Häuli;;
0;Bois de Pouche;Bois Pouche;;
0;General Guisan-Strasse;General Guisan;;
0;Oskar Biderstrasse;Oskar Bider;http://www.wikidata.org/entity/Q688419;Mensch
0;Im Froloo-Eichli;Froloo Eichli;;
0;Chlei Bruederhölzli;Chlei Bruederhölzli;;
0;Chêne des Croix;Chene Croix;;
0;Gewerbezone Brüggfeld;Gewerbezone Brüggfeld;;
0;Rue Abbé-Gremaud;Abbe Gremaud;;
0;Derrey-la-Cabuche;Derrey Cabuche;;
0;Rue Pierre-Nicolas-Chenaux;Pierre Nicolas Chenaux;;
0;Outre-le-Ru;Outre Ru;;
0;Troncs Butevy;Troncs Butevy;;
0;Rue Antoine-de-Saint-Exupéry;Antoine Exupery;;
0;Gewerbezone Widalmi;Gewerbezone Widalmi;;
0;Veja da Stuls;Veja Stuls;;
0;Impasse du Chêne-Rouvre;Chene Rouvre;;
0;Charrière-des-Morts;Charriere Morts;;
0;Impasse Pra-Girard;Pra Girard;;
0;Impasse Chemin-Fleuri;Chemin Fleuri;;
0;Bas de l'Etang;Bas Etang;;
0;Les Trois Moulins;Trois Moulins;http://www.wikidata.org/entity/Q113700130;Fließgewässer
0;Route de Villaz-St-Pierre;Villaz Pierre;;
0;Rue Robert-Stalder;Robert Stalder;http://www.wikidata.org/entity/Q93253625;Mensch
0;Zone Industrielle du Vivier;Zone Industrielle Vivier;;
0;Impasse du Champ de l'Orme;Champ Orme;;
0;Le Village d'Amont;Village Amont;;
0;Place de l'Hôtel-de-Ville;Hotel Ville;;
0;Grossi Metzgera;Grossi Metzgera;;
0;Clos-Danet;Clos Danet;;
0;Derrey-les-Clos;Derrey Clos;;
0;Route de Monseigneur-Besson;Monseigneur Besson;;
0;Chemin de l'Eau-Vive;Eau Vive;;
0;Le Pâquier d'Amont;Paquier Amont;;
0;Riau de la Maula;Riau Maula;;
0;Impasse du Riant-Coteau;Riant Coteau;;
0;La Fin-Derrey;Fin Derrey;;
0;Les Totes Zoures;Totes Zoures;;
0;Chemin du Comte-Michel;Comte Michel;;
0;Chemin des Ru-de-Praz;Ru Praz;;
0;Les Poutes Paluds;Poutes Paluds;http://www.wikidata.org/entity/Q108204955;Schutzgebiet in Natur- oder Landschaftsschutz
0;Clos-de-Bonané;Clos Bonane;;
0;Route du Château-Bois;Chateau Bois;;
0;Rue du Vanil-Blanc;Vanil Blanc;http://www.wikidata.org/entity/Q108090430;Schutzgebiet in Natur- oder Landschaftsschutz
0;Route des Grands-Bois;Grands Bois;;
0;Route Derrière-la-Roche;Derriere Roche;;
0;Chemin du Pra d'Amont;Pra Amont;;
0;Quartier Bellevue;Quartier Bellevue;;
0;Route de Pra-Riond;Pra Riond;;
0;Le Perru d'Amont;Perru Amont;;
0;Pra de Mard;Pra Mard;;
0;Chemin du Bois-Cornard;Bois Cornard;;
0;Chemin Xavier-de-Poret;Xavier Poret;;
0;Crau Bovey;Crau Bovey;;
0;Vers-l'Eglise;Vers Eglise;;
0;Champ Moennoz;Champ Moennoz;;
0;Chemin des Champs-Dessus;Champs Dessus;;
0;Champ Nicollier;Champ Nicollier;;
0;Pré-Puceret;Pre Puceret;;
0;Au Pré à Jeanne;Pre Jeanne;;
0;Gros Cuâ;Gros Cua;;
0;Chemin de Pré-de-Chêne;Pre Chene;;
0;Cheseau d'Avau;Cheseau Avau;;
0;Chemin du Bois-Mounet;Bois Mounet;;
0;Champ-de-Lune;Champ Lune;;
0;Vorderi Gypsera;Vorderi Gypsera;;
0;Chemin de Pra Vert;Pra Vert;;
0;Plan du Chalet d'Avau;Plan Chalet Avau;;
0;Impasse du Bois-Gentil;Bois Gentil;;
0;Route de Villars-les-Joncs;Villars Joncs;;
0;Impasse Haut-du-Pré;Haut Pre;;
0;Undere Baretta;Undere Baretta;;
0;Lenga Acher;Lenga Acher;;
0;Chemin de Champ-Lassey;Champ Lassey;;
0;Champ-sur-Roc;Champ Roc;;
0;Pré à Maco;Pre Maco;;
0;Route du Fort Lambert;Fort Lambert;;
0;Bois des Combes;Bois Combes;;
0;Horners Hürli;Horners Hürli;;
0;Route du Quart-Dessus;Quart Dessus;;
0;Clos du Village;Clos Village;;
0;Route de l'Auta Chia;Auta Chia;;
0;Ruelle du Lion-d'Or;Lion Or;;
0;Schatters Spitz;Schatters Spitz;;
0;Planche au Rey;Planche Rey;;
0;Route de la Belle-Croix;Belle Croix;;
0;Vers Pilloud;Vers Pilloud;;
0;Rue Dom-Hermann;Dom Hermann;;
0;Route Champ-Jordan;Champ Jordan;;
0;La Joux des Rapes;Joux Rapes;;
0;Fin Derrey;Fin Derrey;;
0;Route de Pré-Pury;Pre Pury;;
0;Z.A. du Tintébin;Z  Tintebin;;
0;Chemin des Trois Poses;Trois Poses;;
0;Joux de Pra Filieux;Joux Pra Filieux;;
0;Chemin de Crey-Derrey;Crey Derrey;;
0;Maison-Rouge;Maison Rouge;;
0;Impasse Pra-Michaud;Pra Michaud;;
0;Impasse Clos du Savua;Clos Savua;;
0;Vers le Moulin;Vers Moulin;;
0;Chemin de la Fin des Fourches;Fin Fourches;;
0;Escaliers du Court-Chemin;Escaliers Court Chemin;;
0;Rue du Pays-d'Enhaut;Pays Enhaut;;
0;Moulin-de-Prez;Moulin Prez;;
0;Rue de la Clé-des-Champs;Cle Champs;;
0;Noyer-Amey;Noyer Amey;;
0;Rue Alexandre Cingria;Alexandre Cingria;http://www.wikidata.org/entity/Q633803;Mensch
0;L'Essert-du-Pont;Essert Pont;;
0;Les Trois Sapins;Trois Sapins;;
0;Route Jo-Siffert;Jo Siffert;;
0;Impasse Motte-Châtel;Motte Chatel;;
0;Schöni Buecha;Schöni Buecha;;
0;Coumin Dessous;Coumin Dessous;;
0;Rue du Vieux-Moulin;Vieux Moulin;;
0;Route Jean-Tinguely;Jean Tinguely;http://www.wikidata.org/entity/Q163938;Mensch
0;Chemin du Plan-Châtel;Plan Chatel;;
0;Chemin du Bois-de-Faye;Bois Faye;;
0;Chemin Léon-Savary;Leon Savary;;
0;Route André-Piller;Andre Piller;;
0;Le Gros Champ;Gros Champ;;
0;Champ Babou;Champ Babou;;
0;La Pata à Bise;Pata Bise;;
0;Fin de Plan;Fin Plan;;
0;Falli-Hölli-Strasse;Falli Hölli;;
0;Route de Plancy-l'Abbaye;Plancy Abbaye;;
0;Chemin Clos-Marmy;Clos Marmy;;
0;In Prâ Pèjé;Pra Peje;;
0;Le Pré-Santy;Pre Santy;;
0;Rue Joseph-Piller;Joseph Piller;http://www.wikidata.org/entity/Q3185491;Mensch
0;Chalet d'Amont;Chalet Amont;;
0;Champ du Marais;Champ Marais;;
0;Impasse Champ le Derrey;Champ Derrey;;
0;Chemin de Longe Planche;Longe Planche;;
0;Chemin Charles-Meuwly;Charles Meuwly;http://www.wikidata.org/entity/Q78066478;Mensch
0;Chemin des Grands Prés;Grands Pres;;
0;Chemin de Corba Pièce;Corba Piece;;
0;Chemin des Champs-Perrottet;Champs Perrottet;;
0;Ruelle Alexis-Peiry;Alexis Peiry;http://www.wikidata.org/entity/Q78068059;Mensch
0;Undere March;Undere March;;
0;Grange-Rouge;Grange Rouge;;
0;Chemin de Vau de Cour;Vau Cour;;
0;Les Récards d'Avau;Recards Avau;;
0;Impasse de Champ-Riond;Champ Riond;;
0;Cierne aux Boeufs;Cierne Boeufs;;
0;Chemin du Clos à Golet;Clos Golet;;
0;Impasse du Beau-Crêt;Beau Cret;;
0;Moulin-de-Prassasson;Moulin Prassasson;;
0;Pont de Berne;Pont Berne;;
0;Champ-Raclé;Champ Racle;;
0;Chemin du Pra d'Amont;Pra Amont;;
0;Impasse Pra-Genilloud;Pra Genilloud;;
0;Rue Jean-Marie Musy;Jean Marie Musy;;
0;Route des Grands-Bois;Grands Bois;;
0;Creiso Bourlet;Creiso Bourlet;;
0;Vers l'Eglise;Vers Eglise;;
0;La Vieille Chenevière;Vieille Cheneviere;;
0;Impasse Mon-Chez-Nous;Mon Chez Nous;;
0;Alfons-Aeby-Strasse;Alfons Aeby;;
0;Rue de la Gare-du-Sud;Gare Sud;;
0;Impasse du Clos Perroud;Clos Perroud;;
0;Route de Pra-Riond;Pra Riond;;
0;Chemin du Clos-Chatrossin;Clos Chatrossin;;
0;Champ-Devant;Champ Devant;;
0;Impasse du Pré-Laurent;Pre Laurent;;
0;Le Saut de la Pucelle;Saut Pucelle;;
0;Chemin du Pra-Mori;Pra Mori;;
0;Uf em Berg;Uf em Berg;;
0;Route de Pra-Charbon;Pra Charbon;;
0;Grands Prés;Grands Pres;;
0;Impasse du Poirier Bouchant;Poirier Bouchant;;
0;Impasse des Petits-Poucets;Petits Poucets;;
0;Chemin du Bois d'Amont;Bois Amont;;
0;Vers-les-Châteaux;Vers Chateaux;;
0;Gros Plains;Gros Plains;;
0;Chemin de Grange-Neuve;Grange Neuve;http://www.wikidata.org/entity/Q19970090;Wikimedia-Begriffsklärungsseite
0;Route du Vieux-Moulin;Vieux Moulin;;
0;Impasse de la Belle-Croix;Belle Croix;;
0;Chemin du Bois de Châtillon;Bois Chatillon;;
0;Route du Pré-Giller;Pre Giller;;
0;Rue du Bourg de l'Auge;Bourg Auge;;
0;Chemin du Champ Clos;Champ Clos;;
0;Vers chez Pâlot;Vers chez Palot;;
0;Ru Perret;Ru Perret;;
0;Under Tschüplere;Under Tschüplere;;
0;Sus Fey;Sus Fey;;
0;Chalet du Milieu;Chalet Milieu;;
0;Chemin de la Fin-du-Mont;Fin Mont;;
0;Pré de Ville;Pre Ville;;
0;Impasse du Pré-de-l'Eglise;Pre Eglise;;
0;Rue Jean-Grimoux;Jean Grimoux;;
0;Route des Trois-Sapins;Trois Sapins;;
0;Laupers Schwand;Laupers Schwand;;
0;Impasse de Champ Dona;Champ Dona;;
0;Route du Pré-Terrapon;Pre Terrapon;;
0;Allée des Tilleuls;Allee Tilleuls;;
0;Allée Paul-Cantonneau;Allee Paul Cantonneau;;
0;Route de la Maison Neuve;Maison Neuve;http://www.wikidata.org/entity/Q27994096;Wikimedia-Begriffsklärungsseite
0;Route des Vieux-Chênes;Vieux Chenes;;
0;Champ Pourou;Champ Pourou;;
0;Chemin du Rio Botsa;Rio Botsa;;
0;Chemin du Pont-Neuf;Pont Neuf;http://www.wikidata.org/entity/Q335277;Bogenbrücke
0;Chemin du Bois-des-Rittes;Bois Rittes;;
0;Chemin de la Fraîche Fontaine;Fraiche Fontaine;;
0;Pra Novi;Pra Novi;;
0;Champs Dessous;Champs Dessous;;
0;Route des Petits Monts;Petits Monts;;
0;Chemin Derrière la Forge;Derriere Forge;;
0;Impasse de la Planche-aux-Veaux;Planche Veaux;;
0;Pré de la Maison;Pre Maison;;
0;Pfisters Reben;Pfisters Reben;;
0;Route de Torny-le-Grand;Torny Grand;;
0;Impasse du Nouveau-Marché;Nouveau Marche;;
0;Pré-du-Poyet;Pre Poyet;;
0;Haut de Scherwyl;Haut Scherwyl;;
0;Route du Champ-Vuarin;Champ Vuarin;;
0;Bois-de-Ban;Bois Ban;;
0;Rue des Frères-Lumière;Freres Lumiere;;
0;Chemin du Bas du Riau;Bas Riau;;
0;Obera Weier;Obera Weier;;
0;Rue du Vieux-Pont;Vieux Pont;;
0;Route Henri-Pestalozzi;Henri Pestalozzi;;
0;Rue Louis-Bornet;Louis Bornet;http://www.wikidata.org/entity/Q58796679;Mensch
0;Pré-Rabouilly;Pre Rabouilly;;
0;Fin-de-Villard;Fin Villard;;
0;Place Jean-François-Reyff;Jean Francois Reyff;;
0;Chemin de Roche-Murist;Roche Murist;;
0;Rue Saint-Pierre-Canisius;Pierre Canisius;;
0;Parc des Fayes;Parc Fayes;;
0;Rue Marie-Favre;Marie Favre;http://www.wikidata.org/entity/Q27861752;Mensch
0;Ruelle du Lion d'Or;Lion Or;;
0;Les Esserts d'Avau;Esserts Avau;;
0;La Fin-d'Amont;Fin Amont;;
0;Fin-des-Fourches;Fin Fourches;;
0;Chemin de Pra Tillon;Pra Tillon;;
0;Chemin-Fleuri;Chemin Fleuri;;
0;Rives du Lac;Rives Lac;;
0;Route de Champ-du-Mont;Champ Mont;;
0;Route Henri-Stephan;Henri Stephan;;
0;Rue Louis-Chollet;Louis Chollet;http://www.wikidata.org/entity/Q1769232;Mensch
0;Praz d'Amont;Praz Amont;;
0;Pra Maccoud;Pra Maccoud;;
0;Chenevières d'Avau;Chenevieres Avau;;
0;La Pata à Bise;Pata Bise;;
0;Route du Pra-Mory;Pra Mory;;
0;Alle Lüfte;Alle Lüfte;;
0;Rue du Vanil-Noir;Vanil Noir;http://www.wikidata.org/entity/Q15225;Berg
0;Petits Rieds;Petits Rieds;;
0;Champ-Collaud;Champ Collaud;;
0;Chemin Clos-du-Vernay;Clos Vernay;;
0;Chemin du Bourg Neuf;Bourg Neuf;;
0;Pra Jean;Pra Jean;;
0;Pra Derrey;Pra Derrey;;
0;Clos-Derrey;Clos Derrey;;
0;Route du Pra-du-Châtelet;Pra Chatelet;;
0;Chemin du Champ du Boeuf;Champ Boeuf;;
0;Chamblioux-Parc;Chamblioux Parc;;
0;Champ du Clos;Champ Clos;;
0;Les Petits-Fours;Petits Fours;;
0;Impasse du Pra-Laurent;Pra Laurent;;
0;Route du Pont du Javro;Pont Javro;;
0;Route de Pra-Bon;Pra Bon;;
0;Avenue Jean-Gambach;Jean Gambach;;
0;Champ des Moulins;Champ Moulins;;
0;Chemin de la Grange-des-Bois;Grange Bois;;
0;Impasse de Pra Novi;Pra Novi;;
0;Entre deux Ruz;Entre deux Ruz;;
0;En Crêt-Rinnaud;Cret Rinnaud;;
0;Devant l'Institut;Devant Institut;;
0;Murs Blancs d'Amont;Murs Blancs Amont;;
0;Impasse de la Vieille-Cure;Vieille Cure;;
0;Soleil-levant;Soleil levant;;
0;Avenue Jean-de-Montenach;Jean Montenach;;
0;Chemin du Champ-Cavin;Champ Cavin;;
0;Chemin Jean-Crotti;Jean Crotti;http://www.wikidata.org/entity/Q670319;Mensch
0;Route de la Côte-Sud;Cote Sud;;
0;Champ-de-la-Croix;Champ Croix;;
0;Undere Birbaumena;Undere Birbaumena;;
0;Impasse Granges-Philing;Granges Philing;;
0;Chemin du Bois près de la Glâne;Bois pres Glane;;
0;Rue du Clos-de-Lien;Clos Lien;;
0;Derrière le Mont;Derriere Mont;;
0;Crau à Bourret;Crau Bourret;;
0;Pré-de-la-Chapelle;Pre Chapelle;;
0;Route du Haut-Lac;Haut Lac;;
0;Rue de la Porte-d'En-Bas;Porte Bas;;
0;Champ-des-Pierres;Champ Pierres;;
0;Rue Petermann-Aymon-de-Faucigny;Petermann Aymon Faucigny;;
0;Impasse Fin du Motty;Fin Motty;;
0;Chemin de la Fin du Clos;Fin Clos;;
0;Sus Cressin;Sus Cressin;;
0;Champ-Fleuri;Champ Fleuri;http://www.wikidata.org/entity/Q2948544;Stadtviertel oder Ortsteil
0;Chemin du Bois-de-la-Corbaz;Bois Corbaz;;
0;Au Bas des Moulins;Bas Moulins;;
0;Esserts Dessus;Esserts Dessus;;
0;Chemin des Longs-Praz;Longs Praz;;
0;Chemin de Villars-Jordon;Villars Jordon;;
0;Chemin de Vers-St-Pierre;Vers Pierre;;
0;Ruelle Pierre-Moehr;Pierre Moehr;;
0;Chemin du Clos-du-Moulin;Clos Moulin;;
0;Vers les Roulin;Vers Roulin;;
0;Chemin du Creux-Guillod;Creux Guillod;;
0;Chemin Vers-les-Galley;Vers Galley;;
0;Joux des Ponts;Joux Ponts;;
0;Pré-Perretta;Pre Perretta;;
0;Chemin du Pré-des-Eaux;Pre Eaux;;
0;Impasse des Bons-Pâquiers;Bons Paquiers;;
0;Impasse Clos-Fleuri;Clos Fleuri;;
0;Route du Pra-Maudry;Pra Maudry;;
0;Granges la Battia;Granges Battia;;
0;Z.I. d'In-Riaux;Z I  Riaux;;
0;Impasse de Pra-Marais;Pra Marais;;
0;Rue Max-von-Sachsen;Max von Sachsen;;
0;Champ-Romain;Champ Romain;;
0;Chemin du Bas de l'Etang;Bas Etang;;
0;Chemin Pré-de-Chêne;Pre Chene;;
0;Pra d'Amont;Pra Amont;;
0;Rue Victor-Tissot;Victor Tissot;http://www.wikidata.org/entity/Q3557604;Mensch
0;Chemin du Champ-Blanchet;Champ Blanchet;;
0;Chemin du Vany-Blanc;Vany Blanc;;
0;Rue de la Basse-Ville;Basse Ville;;
0;Gros Essert;Gros Essert;;
0;Entre-deux-Chemins;Entre deux Chemins;;
0;Pré-de-la-Cour;Pre Cour;;
0;Pré-au-Blanc;Pre Blanc;;
0;Avenue Jean-Marie-Musy;Jean Marie Musy;;
0;Champ Olivier;Champ Olivier;;
0;Plan-de-Chany;Plan Chany;;
0;Les Méley d'Avau;Meley Avau;;
0;Pra Ban;Pra Ban;;
0;Wisses Vorschis;Wisses Vorschis;;
0;Rue Jacques-Gachoud;Jacques Gachoud;http://www.wikidata.org/entity/Q96318891;Mensch
0;Sentier Jules-Daler;Jules Daler;http://www.wikidata.org/entity/Q96298242;Mensch
0;Impasse Pré-de-la-Croix;Pre Croix;;
0;Rue Monseigneur-Genoud;Monseigneur Genoud;;
0;Impasse du Pré-Fleuri;Pre Fleuri;;
0;Chemin Clos de la Gare;Clos Gare;;
0;Impasse du Champ des Pierres;Champ Pierres;;
0;Route Wilhelm-Kaiser;Wilhelm Kaiser;http://www.wikidata.org/entity/Q2573530;Mensch
0;Cierne-Bon;Cierne Bon;;
0;Pra Suard;Pra Suard;;
0;Route du Centre-Sportif;Centre Sportif;;
0;Chemin du Pâquier-des-Saules;Paquier Saules;;
0;Impasse de la Côte d'en Bas;Cote Bas;;
0;Chemin de la Belle Adze;Belle Adze;;
0;Stuckis Schwand;Stuckis Schwand;;
0;Grèves du Lac;Greves Lac;;
0;Fin du Chaney;Fin Chaney;;
0;Pré-du-Puits;Pre Puits;;
0;Route de Palézieux-Gare;Palezieux Gare;;
0;Chemin du Vieux Moulin;Vieux Moulin;;
0;Rue Pierre-Sciobéret;Pierre Scioberet;;
0;Gros-Champ;Gros Champ;;
0;Route de la Vieille Scie;Vieille Scie;;
0;Vive Fontaine;Vive Fontaine;;
0;Derrière les Chênes;Derriere Chenes;;
0;Route de Prin-Né;Prin Ne;;
0;Avenue Louis-Weck-Reynold;Louis Weck Reynold;;
0;Chemin Pré-St-Georges;Pre Georges;;
0;Crastuoglia Sura;Crastuoglia Sura;;
0;Via Cadruvi Sut;Cadruvi Sut;;
0;Senda da scoula;Senda scoula;;
0;Via Bot Fiena Sura;Bot Fiena Sura;;
0;Senda dal Lej;Senda Lej;;
0;Gliers Sura;Gliers Sura;;
0;Hinder Winkel;Hinder Winkel;;
0;Sant Ambriesch;Sant Ambriesch;;
0;Umfahrung Süd;Umfahrung Süd;;
0;Alp Vaüglia;Alp Vaüglia;;
0;Plazza dal Mulin;Plazza Mulin;;
0;Via Ranzo di Sopra;Ranzo Sopra;;
0;Voa Crapera sot;Crapera sot;;
0;Via Begl dil Pre;Begl dil Pre;;
0;Veja Cuelm da Latsch;Veja Cuelm Latsch;;
0;Via Sulé Dado;Sule Dado;;
0;Carà di Carasc;Cara Carasc;;
0;Usser Feld;Usser Feld;;
0;Crusch Plantaun;Crusch Plantaun;;
0;Via Chaunt Battaglia;Chaunt Battaglia;;
0;Suot Staziun;Suot Staziun;;
0;Via Sera Curt;Sera Curt;;
0;Cará del Teléi;Cara Telei;;
0;Via Prau Grond;Prau Grond;;
0;Under Müli;Under Müli;;
0;Ca d'Sóra;Ca Sora;;
0;Via Tuleu Sut;Tuleu Sut;;
0;Via dil Dutg;dil Dutg;;
0;Dieschen sot;Dieschen sot;;
0;Via Plan digl Uors;Plan digl Uors;;
0;Ospiz Pitschen;Ospiz Pitschen;;
0;Ob der Mühle;Ob Mühle;;
0;Sott Gésa;Sott Gesa;;
0;Truoch Ruinatsch;Truoch Ruinatsch;;
0;Z'Hinderst;Z Hinderst;;
0;Alp Blais;Alp Blais;;
0;Flüela Pass;Flüela Pass;;
0;Denter Ers;Denter Ers;;
0;Truoch Pradè;Truoch Prade;;
0;Cará Lónga;Cara Longa;;
0;Via Piz Sura;Piz Sura;;
0;Hermann'sch Hus;Hermann sch Hus;;
0;Curtgin Pintg;Curtgin Pintg;;
0;Platzer Rüti;er Rüti;;
0;Giassa Sura;Giassa Sura;;
0;Cará de Piázza;Cara Piazza;;
0;Senda Schinellas;Senda Schinellas;;
0;Alp Tumpriv;Alp Tumpriv;;
0;Truoch da Clos;Truoch Clos;;
0;Veia Culm da Solas;Culm Solas;;
0;Via dals Chöds;dals Chöds;;
0;Plazza Gronda;Plazza Gronda;;
0;Via Sulé Sut;Sule Sut;;
0;Alp Prünella;Alp Prünella;;
0;Paleu sura;Paleu sura;;
0;Veia Ansom igl Crap;Ansom igl Crap;;
0;Via Alois Carigiet;Alois Carigiet;http://www.wikidata.org/entity/Q124595;Mensch
0;Via da las Palüds;las Palüds;;
0;Carà dei Paneté;Cara Panete;;
0;Via Plaids Sut;Plaids Sut;;
0;Bos-chetta Plauna;Bos chetta Plauna;;
0;Pro Crap;Pro Crap;;
0;Talvangas Soura;Talvangas Soura;;
0;Straglia dal Bel Taimpel;Straglia Bel Taimpel;;
0;Via da li Clüsüri;li Clüsüri;;
0;Davos Sei;Davos Sei;;
0;Von Salis-Strasse;Von Salis;;
0;Chà Suot;Cha Suot;;
0;Via dals Clos;dals Clos;;
0;Via Sut Curt;Sut Curt;;
0;Under-Chrüzli;Under Chrüzli;;
0;Stazion Muet;Stazion Muet;;
0;Er da Ses;Er Ses;;
0;Bot la Pala;Bot Pala;;
0;Via Sut Crusch;Sut Crusch;;
0;Prau Tena;Prau Tena;;
0;Il Vau;Il Vau;;
0;Via Vigna de Sacco;Vigna Sacco;;
0;Muot sainza Bön;Muot sainza Bön;;
0;Under Feld;Under Feld;;
0;Munt Fallun;Munt Fallun;;
0;Via Porta Piazzetta;Porta Piazzetta;;
0;Bot da Münts;Bot Münts;;
0;Las Sorts;Las Sorts;;
0;Plaza Pintga;Plaza Pintga;;
0;Bagnera Sura;Bagnera Sura;;
0;Voa Clavadoiras damiez;Clavadoiras damiez;;
0;Veja Speschas;Veja Speschas;;
0;Via Som Vih;Som Vih;;
0;Cresta Tganoina;Cresta Tganoina;;
0;Senda Hans Erni;Senda Hans Erni;;
0;Via Muot Selvaun;Muot Selvaun;;
0;Carà del Molinèt;Cara Molinet;;
0;Via Suls Orts;Suls Orts;;
0;Prau Sura;Prau Sura;;
0;Carà Torr Fiorenzana;Cara Torr Fiorenzana;;
0;Ob der Säge;Ob Säge;;
0;Egg Steinleuten;Egg Steinleuten;;
0;Schachen Zwislen;Schachen Zwislen;;
0;Chli-Langboden;Chli Langboden;;
0;Stein Rietli;Stein Rietli;;
0;Befang Steinleuten;Befang Steinleuten;;
0;Ufem Tobel;Ufem Tobel;;
0;Johannes Baumann-Strasse;Johannes Baumann;http://www.wikidata.org/entity/Q118266;Mensch
0;Zimmermanns-Lauftegg;Zimmermanns Lauftegg;;
0;Buchen Rotenwies;Buchen Rotenwies;;
0;Neubruch Steinleuten;Neubruch Steinleuten;;
0;Zung Stoss;Zung Stoss;;
0;Toracker Park;Toracker Park;;
0;Hüsli Steinleuten;Hüsli Steinleuten;;
0;Arthur-Schiess-Strasse;Arthur Schiess;http://www.wikidata.org/entity/Q94695993;Mensch
0;Oberegger Sägli;Oberegger Sägli;;
0;Fohren Rietli;Fohren Rietli;;
0;Schachen-Lauftegg;Schachen Lauftegg;;
0;Bergli Rietli;Bergli Rietli;;
0;Neue Steig;Neue Steig;;
0;Wies-Tobel;Wies Tobel;;
0;Victor-von-Bruns-Strasse;Victor von Bruns;http://www.wikidata.org/entity/Q88021;Mensch
0;Im hinderen Chapf;hinderen Chapf;;
0;Caraa de San Fedee;Caraa Fedee;;
0;Kübliser Waldweg;Kübliser Wald;;
0;Voia Salonder seura;Salonder seura;;
0;Via Fondo Arvigo;Fondo Arvigo;;
0;Davos Dusch;Davos Dusch;;
0;Stráda de Mónt;Strada Mont;;
0;Chlei Rüfi;Chlei Rüfi;;
0;Dieschen seura;Dieschen seura;;
0;Jassa da Pratuor;Jassa Pratuor;;
0;Caraa di Ronch;Caraa Ronch;;
0;Ob den Gärten;Ob Gärten;;
0;Route Champs de la Croix;Champs Croix;;
0;Val d'Albigna;Val Albigna;;
0;I Cort;I Cort;;
0;Caraa de Befén;Caraa Befen;;
0;Plan Lò;Plan Lo;;
0;Caraa a la Cortascia;Caraa Cortascia;;
0;Caraa Cà del Toni;Caraa Ca Toni;;
0;Barlas-ch;Barlas ch;;
0;Caraa Capedrö;Caraa Capedrö;;
0;Caraa Stalan;Caraa Stalan;;
0;Prada Sura;Prada Sura;;
0;Terza d'Immez;Terza Immez;;
0;Caraa al Lobion;Caraa Lobion;;
0;Pro Radiend;Pro Radiend;;
0;Via da li Arcadi;li Arcadi;;
0;Plazza aviatica;Plazza atica;;
0;Cará de Dósc;Cara Dosc;;
0;Chant da Gurlaina;Chant Gurlaina;;
0;Under Bongert;Under Bongert;;
0;Veia d'igls Plangs;igls Plangs;;
0;Pro Tgä Sut;Pro Tgä Sut;;
0;Giassa da Scoula;Giassa Scoula;;
0;Conterser Duranna;Conterser Duranna;;
0;Mastrilser Alp;Mastrilser Alp;;
0;Il Truoch;Il Truoch;;
0;Vi Begl;Vi Begl;;
0;Via Manvais-ch;Manvais ch;;
0;Pro Grand;Pro Grand;;
0;Veia Lai da Vons;Lai Vons;;
0;Via Sum Resgias;Sum Resgias;;
0;Vor der Müli;Vor Müli;;
0;Via Val Bugnei;Val Bugnei;;
0;Hintere Praz-Jean;Praz Jean;;
0;Plaun Sendas;Plaun Sendas;;
0;Riva del Cavalin;Riva Cavalin;;
0;Chaunt Baselgia;Chaunt Baselgia;;
0;Senda Mises;Senda Mises;;
0;Via Caglia Liunga;Caglia Liunga;;
0;Natan Stocki;Natan Stocki;;
0;Via Sandro Viletta;Sandro Viletta;http://www.wikidata.org/entity/Q181284;Mensch
0;Craista Sot;Craista Sot;;
0;Voa Clavadoiras seura;Clavadoiras seura;;
0;Veia Som Barnagn;Som Barnagn;;
0;Tanter Auals;Tanter Auals;;
0;Sil mot;Sil mot;;
0;Vea Jerts;Vea Jerts;;
0;Lai Alv;Lai Alv;;
0;Cará dela Casería;Cara dela Caseria;;
0;Via Davos Baselgia;Davos Baselgia;;
0;Fläscher Tal;Fläscher Tal;;
0;Molas Sot;Molas Sot;;
0;Nationalstrasse A4;National A4;;
0;Angeli Custodi;Angeli Custodi;;
0;Quadra Secha;Quadra Secha;;
0;Carà del'Ugo;Cara Ugo;;
0;Via Plaun Uaul;Plaun Uaul;;
0;Via Bos-chetta;Bos chetta;;
0;Unteri Jansegg;Unteri Jansegg;;
0;Via Las Rueras;Las Rueras;;
0;Kapely-Wald;Kapely Wald;;
0;Plazza da la Staziun;Plazza Staziun;;
0;Via Cons-Casti;Cons Casti;;
0;Schombrina Sot;Schombrina Sot;;
0;Punts d'Alp;Punts Alp;;
0;Veia Alp Ozur;Alp Ozur;;
0;Viglia veia Gelgia;Viglia Gelgia;;
0;S-chadatsch;S chadatsch;;
0;Allmeini Hütten;Allmeini Hütten;;
0;Bot da Mulegn;Bot Mulegn;;
0;Archas Sura;Archas Sura;;
0;Via Sogn Giacun;Sogn Giacun;;
0;Via da l'Ova Cotschna;Ova Cotschna;;
0;Val Fenga;Val Fenga;;
0;Neu Strössli;Neu Strössli;;
0;Motta Pitschna;Motta Pitschna;;
0;Viel da Gallas;Viel Gallas;;
0;Pitgogna da Scola;Pitgogna Scola;;
0;Badische Bahnhofstrasse;Badische Bahnhof;;
0;Caraa del Mai;Caraa Mai;;
0;Via Vitg Sura;Vitg Sura;;
0;Il Bain;Il Bain;;
0;Kaisers Fang;Kaisers Fang;;
0;Uf der Halda;Uf Halda;;
0;Via Prau Curtgin;Prau Curtgin;;
0;Im Roten Herd;Roten Herd;;
0;Rustoz-Dessus;Rustoz Dessus;;
0;Via Con la Fravgia;Con Fravgia;;
0;Bot la Cresta;Bot Cresta;;
0;Pro Plaun;Pro Plaun;;
0;Carà Travéa;Cara Travea;;
0;Sótt a la Gésa;Sott Gesa;;
0;Sot Tgeasas;Sot Tgeasas;;
0;Via Plaun Tschavitg;Plaun Tschavitg;;
0;Via S. Onna;S  Onna;;
0;Via dil Parlet;dil Parlet;;
0;Via Pader Placi;Pader Placi;;
0;Via Giu Rueras;Giu Rueras;;
0;Welscher Garten;Welscher Garten;;
0;Hinder Hüsler;Hinder Hüsler;;
0;Cará del Governatór;Cara Governator;;
0;Ggaggerle Tosse;Ggaggerle Tosse;;
0;Veja Grusaida;Veja Grusaida;;
0;Hinder der Chilcha;Hinder Chilcha;;
0;Veja Val Tuors;Veja Val Tuors;;
0;Senda Canginetta;Senda Canginetta;;
0;Under Allmeini;Under Allmeini;;
0;Via Pros da God;Pros God;;
0;Lech di Cius;Lech Cius;;
0;Via Serlas Suot;Serlas Suot;;
0;Curt Alti;Curt Alti;;
0;Carà dela Peloterìa;Cara dela Peloterìa;;
0;Bügl Tas-ch;Bügl Tas ch;;
0;Es-cha;Es cha;;
0;Tecc de Righett;Tecc Righett;;
0;Via Dree Mota;Dree Mota;;
0;Lyceum Alpinum;Lyceum Alpinum;;
0;Via Vitg Dado;Vitg Dado;http://www.wikidata.org/entity/Q108205747;Schutzgebiet in Natur- oder Landschaftsschutz
0;Porta Rätia;Porta Rätia;;
0;Munt Baselgia;Munt Baselgia;;
0;Via Mott di Larasc;Mott Larasc;;
0;Il Fuorn;Il Fuorn;;
0;Plaun Tavanasa;Plaun Tavanasa;;
0;Via Ca d'Sett;Ca Sett;;
0;Crap la Foppa;Crap Foppa;;
0;Senda Albanella;Senda Albanella;;
0;Caraa Bufin;Caraa Bufin;;
0;Uf da Gräba;Uf Gräba;;
0;Cará dela Gratt;Cara dela Gratt;;
0;Casclàsc alt;Casclasc alt;;
0;Bim Wisegässli;Bim Wise;;
0;Vedvart la Punt;Vedvart Punt;;
0;Lias-ch;Lias ch;;
0;Veja Viglia;Veja Viglia;;
0;Auas Sparsas;Auas Sparsas;;
0;Cará de San Franzesch;Cara Franzesch;;
0;Veia Sot-nò;Sot no;;
0;Senda Selettà;Senda Seletta;;
0;Uf Burg;Uf Burg;;
0;Bim Chretzeturm;Bim Chretzeturm;;
0;Hinter dem Ack;dem Ack;;
0;Vor der Kirche;Vor Kirche;;
0;Auf dem Stein;dem Stein;;
0;Aclas Davains;Aclas Davains;;
0;Gassa d'i Cämp;i Cämp;;
0;Via Alp Dado;Alp Dado;;
0;Cará di Ronchítt;Cara Ronchitt;;
0;Sigl Hof;Sigl Hof;;
0;Clavo Nov;Clavo Nov;;
0;Via Sut Vitg;Sut Vitg;;
0;Via Cons-Su;Cons Su;;
0;Chaunt da San Bastiaun;Chaunt Bastiaun;;
0;Veja Zinols;Veja Zinols;;
0;Plazza Staziun;Plazza Staziun;;
0;Solas seura;Solas seura;;
0;Fontana Sura;Fontana Sura;;
0;Im underen Chapf;underen Chapf;;
0;Undere Espilibuck;Undere Espilibuck;;
0;Hohe Buche;Hohe Buche;http://www.wikidata.org/entity/Q1566481;Berg
0;Ob dem Steg;Ob dem Steg;;
0;Seris-Chavadal;Seris Chavadal;;
0;Bügl Sura;Bügl Sura;;
0;Veja Darlux;Veja Darlux;;
0;Alp Es-cha Dadour;Alp Es cha Dadour;;
0;Sotchà Dadaint;Sotcha Dadaint;;
0;Via da li Sberlefi;li Sberlefi;;
0;Via Sut Camenisch;Sut Camenisch;;
0;Cará de Rónch Pián;Cara Ronch Pian;;
0;Under den Hüseren;Under Hüseren;;
0;Nationalstrasse A4;National A4;;
0;Ob der Glattmüli;Ob Glattmüli;;
0;Carà Guernasc;Cara Guernasc;;
0;Vietta Plaun San Gian;Plaun Gian;;
0;Pro Pitschen davains;Pro Pitschen davains;;
0;Ob der Glatt;Ob Glatt;;
0;Erlen Rietli;Erlen Rietli;;
0;Il Fuorn;Il Fuorn;;
0;Gamplüt-Chreialp;Gamplüt Chreialp;;
0;Chaunt dal Muot;Chaunt Muot;;
0;Senda Cuolm Da Vi;Senda Cuolm Vi;;
0;Veja Buel;Veja Buel;;
0;Ischla Sura;Ischla Sura;;
0;Pro da Clavo;Pro Clavo;;
0;Ob der Kirche;Ob Kirche;;
0;Löwengässchen-Unterführung;Löwengässchen Unterführung;;
0;Tannen-Lauftegg;Tannen Lauftegg;;
0;Carl Böckli-Weg;Carl Böckli;http://www.wikidata.org/entity/Q1037211;Mensch
0;Robert-Walser-Strasse;Robert Walser;http://www.wikidata.org/entity/Q123075;Mensch
0;Caraa de Campàgna;Caraa Campagna;;
0;ala Rèsiga;ala Resiga;;
0;Aclas Seura;Aclas Seura;;
0;Via dals Bogns;dals Bogns;;
0;Caraa di Zechin;Caraa Zechin;;
0;Via Term Bel;Term Bel;;
0;Voia Tgaplotta dameaz;Tgaplotta dameaz;;
0;Via Prau Cumin;Prau Cumin;;
0;Rudolf-Tappolet-Weg;Rudolf Tappolet;;
0;Via Fabrica Ragazzi;Fabrica Ragazzi;;
0;Via Davous Crasta;Davous Crasta;;
0;Usser Zalön;Usser Zalön;;
0;Chli Rüggli;Chli Rüggli;;
0;Gengel'sch Boda;Gengel sch Boda;;
0;Winter Sattel;Winter Sattel;;
0;Veja Crestota;Veja Crestota;;
0;Dunkle Böngert;Dunkle Böngert;;
0;Underem Schuolhus;Underem Schuolhus;;
0;Piana de Val;Piana Val;;
0;Pro d'Alva;Pro Alva;;
0;Sentee de Val;Sentee Val;;
0;Caraa de Fontana;Caraa Fontana;;
0;Córt granda;Cort granda;;
0;Via dil Museum;dil Museum;;
0;Via alle Scuole;alle Scuole;;
0;Cará de San Ròcch;Cara Rocch;;
0;Bain da Fans;Bain Fans;;
0;Sótt i Nós;Sott i Nos;;
0;Spegna Lunga;Spegna Lunga;http://www.wikidata.org/entity/Q108094033;Schutzgebiet in Natur- oder Landschaftsschutz
0;Ob den Gärten;Ob Gärten;;
0;Underem Förlibuck;Underem Förlibuck;;
0;Vaia da Sched;Vaia Sched;;
0;Vorderi Pilarda;Vorderi Pilarda;;
0;Alp Bischola;Alp Bischola;;
0;Bi Chalet;Bi Chalet;;
0;Suot il Chaunt;Suot il Chaunt;;
0;Via Uaul Tschamut;Uaul Tschamut;;
0;Uf der Matta;Uf Matta;;
0;Steiniger Tosse;Steiniger Tosse;;
0;Hinderi Pilarda;Hinderi Pilarda;;
0;Plan da la Punt;Plan Punt;;
0;Senda Scursalius;Senda Scursalius;;
0;God da Brail;God Brail;;
0;Hoher Stalden;Hoher Stalden;;
0;Senda d'Art;Senda Art;;
0;Welsche Gastlose;Welsche Gastlose;;
0;Via dil Parc;dil Parc;;
0;Veia Sot Curt;Sot Curt;;
0;Via Plaun Menisch;Plaun Menisch;;
0;Davos Ual;Davos Ual;;
0;Gassa da Mot da la Pluna;Mot Pluna;;
0;Cará de Castanéda;Cara Castaneda;;
0;Bonersch Wis;Bonersch Wis;;
0;Hermann Rorschach-Strasse;Hermann Rorschach;http://www.wikidata.org/entity/Q122279;Mensch
0;Vor der Brugg;Vor Brugg;;
0;Underi Müli;Underi Müli;;
0;Sot Baselgia;Sot Baselgia;;
0;Baria Fritsch;Baria Fritsch;http://www.wikidata.org/entity/Q108093563;Schutzgebiet in Natur- oder Landschaftsschutz
0;Via dalla Resga;dalla Resga;;
0;Cuort Tschat;Cuort Tschat;;
0;Gassa Alberto Giacometti;Alberto Giacometti;http://www.wikidata.org/entity/Q157194;Mensch
0;Via Crap Baselgia;Crap Baselgia;;
0;Mayschuepfen Spitze;Mayschuepfen Spitze;;
0;Zalöner Alp;Zalöner Alp;;
0;Sot god;Sot god;;
0;Via Cavorgia Sut;Cavorgia Sut;;
0;Aktie Süd;Aktie Süd;;
0;Veia Vedem Vischnanca;Vedem Vischnanca;;
0;Via Lavanuz Su;Lavanuz Su;;
0;Via dalla Stampa;dalla Stampa;;
0;Under Faisch;Under Faisch;;
0;Via Prau la Selva;Prau Selva;;
0;Sudem Vischnanca;Sudem Vischnanca;;
0;Via Sut Baselgia;Sut Baselgia;;
0;Stradun Chantunel;Stradun Chantunel;;
0;Sasc Furä;Sasc Furä;;
0;Cuolm Bass;Cuolm Bass;;
0;Avant Muglins;Avant Muglins;;
0;Fideriser Duranna;Fideriser Duranna;;
0;Salons Davains;Salons Davains;;
0;Veia digl Mot;digl Mot;;
0;Cará de Fontána;Cara Fontana;;
0;Via dals Bofs;dals Bofs;;
0;Röven Suot;Röven Suot;;
0;Voa Valschameala seura;Valschameala seura;;
0;Via Dutg Grond;Dutg Grond;;
0;Veja Lavizun;Veja Lavizun;;
0;Punt Arsa;Punt Arsa;;
0;Underem Büel;Underem Büel;;
0;Val Roseg;Val Roseg;http://www.wikidata.org/entity/Q2507789;Tal
0;Via Gravas sut;Gravas sut;;
0;Cará de Técc;Cara Tecc;;
0;Val da Cuoz;Val Cuoz;;
0;Via Prau Sura;Prau Sura;;
0;Via Uaul Stgir;Uaul Stgir;;
0;Contrada Magori;Contrada Magori;;
0;Plaun Senda;Plaun Senda;;
0;Via Sogn Placi;Sogn Placi;;
0;Sut Tgea;Sut Tgea;;
0;Usser Praden;Usser Praden;;
0;Pro Davos;Pro Davos;;
0;God Arvins;God Arvins;;
0;Chà d'Prà;Cha Pra;;
0;Giassa Baselgia;Giassa Baselgia;;
0;Via Sogn Giusep;Sogn Giusep;;
0;Giassa Spuondas;Giassa Spuondas;;
0;Via dals Chavals;dals Chavals;;
0;Via Val Verena;Val Verena;;
0;Davo San Jon;Davo Jon;;
0;Plong Puntzoll;Plong Puntzoll;;
0;Via all'Ossario;all Ossario;;
0;Via Mott da la Val;Mott Val;;
0;Via dils Larischs;dils Larischs;;
0;Alp Chaschanella;Alp Chaschanella;;
0;Via da Li Curt;Li Curt;;
0;Munt Sut;Munt Sut;http://www.wikidata.org/entity/Q108093231;Schutzgebiet in Natur- oder Landschaftsschutz
0;Joosa Wisli;Joosa Wisli;;
0;Foura Chanels;Foura Chanels;;
0;Sogn Murezi Sura;Sogn Murezi Sura;;
0;Via Sogn Martin;Sogn Martin;;
0;Carà Quartina;Cara Quartina;;
0;Carà Pro sècch;Cara Pro secch;;
0;Ils Muots;Ils Muots;;
0;Via Salums Sura;Salums Sura;;
0;Anna-Frick-Weg;Anna Frick;;
0;ala Moesa;ala Moesa;;
0;Via Sogn Martin;Sogn Martin;;
0;Via Munt Sura;Munt Sura;http://www.wikidata.org/entity/Q108093402;Schutzgebiet in Natur- oder Landschaftsschutz
0;ala Rógia;ala Rogia;;
0;Under Dutjen;Under Dutjen;;
0;Suot Chastè;Suot Chaste;;
0;Pro Graund;Pro Graund;;
0;Scima al Mott;Scima Mott;;
0;Via Camp de la Mezzera;Camp Mezzera;;
0;Via Prau Ault;Prau Ault;;
0;Hinder Selias;Hinder Selias;;
0;Vietta Val Curtinaglia;Val Curtinaglia;;
0;Via Val Serris;Val Serris;;
0;Via Charels Suot;Charels Suot;;
0;Via Davos Sulten;Davos Sulten;;
0;Via Sulé Sura;Sule Sura;;
0;Li Geri;Li Geri;;
0;Punt Lenn;Punt Lenn;;
0;Valleina Sut;Valleina Sut;;
0;Pro da l'Alp;Pro Alp;;
0;Zu den stillen Maiensäss;Zu stillen Maiensäss;;
0;Bim fula Stein;Bim fula Stein;;
0;Alp Chaschauna;Alp Chaschauna;;
0;Cará de Niòla;Cara Niola;;
0;Val la Punt;Val Punt;;
0;Via da li Sanzini;li Sanzini;;
0;Stráda de Vón;Strada Von;;
0;Via Vitg Sura;Vitg Sura;;
0;Pro la Resgia;Pro Resgia;;
0;Senda Stavel da Mut;Senda Stavel Mut;;
0;Via Sorts Sut;Sorts Sut;;
0;Neue Kirchstrasse;Neue Kirch;;
0;Tgampi Sot;Tgampi Sot;;
0;Via Val Vedra;Val Vedra;;
0;Veja Plazbi;Veja Plazbi;;
0;Cresta Marscha;Cresta Marscha;;
0;Tgampi Dameaz;Tgampi Dameaz;;
0;Tgamons Bargiaglia;Tgamons Bargiaglia;;
0;Ciòss del Bull;Cioss Bull;;
0;Caraa Fontanol di Sora;Caraa Fontanol Sora;;
0;Via Sogn Paul;Sogn Paul;;
0;Voa son Duno;son Duno;;
0;Crapera damiez;Crapera damiez;;
0;Alp Taspegn;Alp Taspegn;;
0;Senda da Scoula;Senda Scoula;;
0;Via S. Sisto;S  Sisto;;
0;Punt Vedra;Punt Vedra;;
0;Cará del Mulín;Cara Mulin;;
0;Melchersch Hus;Melchersch Hus;;
0;Via Plaz Cumpogna;Plaz Cumpogna;;
0;Via Mulin Sura;Mulin Sura;http://www.wikidata.org/entity/Q108098169;Schutzgebiet in Natur- oder Landschaftsschutz
0;Ella Val;Ella Val;;
0;Muot da Zünd;Muot Zünd;;
0;Avant Porta;Avant Porta;;
0;Rundweg Glattabärg;Rund Glattabärg;;
0;Veia Davos-Tga;Davos Tga;;
0;Páscol dela Capèla;Pascol dela Capela;;
0;Ova Spin;Ova Spin;;
0;Fora Vea;Fora Vea;;
0;Via Sut l'Orta;Sut Orta;;
0;Camping Islas;Camping Islas;;
0;Senda da scola;Senda scola;;
0;Voa pedra grossa;pedra grossa;;
0;Chemin de la Planche-à-Troupet;Planche Troupet;;
0;Cresta Sut;Cresta Sut;http://www.wikidata.org/entity/Q108093284;Schutzgebiet in Natur- oder Landschaftsschutz
0;Mott dal Maröl;Mott Maröl;;
0;Schmidsch-Hus-Weg;Schmidsch Hus;;
0;Curtin Sura;Curtin Sura;;
0;Truoch suot Sass;Truoch suot Sass;;
0;Via Ladral sura;Ladral sura;;
0;Sum Curtgins;Sum Curtgins;;
0;Via Vricla sut;Vricla sut;;
0;Streccia Curtin;Streccia Curtin;;
0;Via Chaunt Baselgia;Chaunt Baselgia;;
0;Via Davos-Mustér;Davos Muster;;
0;Pro digl Begl;Pro digl Begl;http://www.wikidata.org/entity/Q108093692;Schutzgebiet in Natur- oder Landschaftsschutz
0;Davos Larisch;Davos Larisch;;
0;Umgfallna Wald;Umgfallna Wald;;
0;Gassa Sott i Copp;Sott i Copp;;
0;Crutta Sura;Crutta Sura;;
0;Via da li Presi;li Presi;;
0;Station Rothenbrunnen;Station Rothenbrunnen;;
0;Caraa de Giuli;Caraa Giuli;;
0;Via Cuolm Val;Cuolm Val;;
0;Hinder d'Benderweg;Hinder Bender;;
0;Sut Crestas;Sut Crestas;http://www.wikidata.org/entity/Q108093332;Schutzgebiet in Natur- oder Landschaftsschutz
0;Aclas Dafora;Aclas Dafora;;
0;Tranter Moira;Tranter Moira;;
0;Senda Aguagliöls;Senda Aguagliöls;;
0;Plaza Granda;Plaza Granda;;
0;Veja Ravegs-ch;Veja Ravegs ch;;
0;Underm Dorf;Underm Dorf;;
0;Straglia Chastè;Straglia Chaste;;
0;Bügl-Pitschen;Bügl Pitschen;;
0;Stazion Preda;Stazion Preda;;
0;Chemin de Pra-Novi;Pra Novi;;
0;Senda Lai da Tuma;Senda Lai Tuma;;
0;Alp Zeznina;Alp Zeznina;;
0;Bügl da la Nina;Bügl Nina;;
0;Via Crap Uaul;Crap Uaul;;
0;Isla Casti;Isla Casti;;
0;Via Val Buglina;Val Buglina;;
0;Crapera seura;Crapera seura;;
0;Veja Egslas;Veja Egslas;;
0;Stráda de Bèlen;Strada Belen;;
0;Senda dal Lej Zuppo;Senda Lej Zuppo;;
0;Val la Rosa;Val Rosa;;
0;Pro Prär;Pro Prär;;
0;Sota la Capèla;Sota Capela;;
0;Val Bondasca;Val Bondasca;;
0;Crastuoglia Sot;Crastuoglia Sot;;
0;Senda Gutveina;Senda Gutveina;;
0;Al Pont del Ram;Pont Ram;;
0;Via dal Prà da faira;Pra faira;;
0;Sot Baselgia;Sot Baselgia;;
0;Voia sin Baselgia;sin Baselgia;;
0;Cará de Cróugia;Cara Crougia;;
0;Ers Curtins;Ers Curtins;;
0;Via Mulin Pign;Mulin Pign;;
0;Bin da Hüscher;Bin Hüscher;;
0;Via Val Gierm;Val Gierm;;
0;Avant Porta;Avant Porta;;
0;Zup digl Ursweg;Zup digl Urs;;
0;Gôt Pintg;Got Pintg;;
0;Bim Under Hus;Bim Under Hus;;
0;Veja Preda;Veja Preda;;
0;Veja Muet;Veja Muet;;
0;Via Funs-Dado;Funs Dado;;
0;Voia Crappa Naira;Crappa Naira;;
0;Via Sil Grep;Sil Grep;;
0;Fizeira Sura;Fizeira Sura;;
0;Via Sogn Pieder;Sogn Pieder;;
0;Sontga Neasa;Sontga Neasa;;
0;Muottas da Clüs;Muottas Clüs;;
0;Under Maiasäss;Under Maiasäss;;
0;Via Pont de Fèr;Pont Fer;;
0;Via Sogn Valentin;Sogn Valentin;;
0;Scorciatoia per Calcinaròla;Scorciatoia per Calcinarola;;
0;Las Funtangas;Las Funtangas;;
0;Station Versam;Station Versam;;
0;Talvangas Sot;Talvangas Sot;;
0;Siba Brünna;Siba Brünna;;
0;Le Cernet de Doubs;Cernet Doubs;;
0;Via Plaun Vricla;Plaun Vricla;;
0;Domaine de Champréveyres;Domaine Champreveyres;;
0;Prasas-cher;Prasas cher;;
0;Via Begl dil Luzi;Begl dil Luzi;;
0;Via Crap Agit;Crap Agit;;
0;Via Curtgin Grond;Curtgin Grond;;
0;Stradón de Cabié;Stradon Cabie;;
0;Campágna de Cabié;Campagna Cabie;;
0;Cará de Bórgh;Cara Borgh;;
0;Kirchgasse Masans;Kirch Masans;;
0;Cunterscher Strass;Cunterscher Strass;;
0;Veia Pro da Mulegn;Pro Mulegn;;
0;Via Sil Crest;Sil Crest;;
0;Cará de Sóma;Cara Soma;;
0;Strada de Tecc Mezz;Tecc Mezz;;
0;Denter Vias;Denter s;;
0;Palidetta Sut;Palidetta Sut;;
0;Riva Crastatscha;Riva Crastatscha;;
0;Scorciatoia per Calcinaròla;Scorciatoia per Calcinarola;;
0;Riva de Sóra;Riva Sora;;
0;Sot Baselgia;Sot Baselgia;;
0;Via Cuolm Dado;Cuolm Dado;;
0;Bella Mira;Bella Mira;;
0;Via Sut Baselgia;Sut Baselgia;;
0;Via suot Pignia;suot Pignia;;
0;Via Mulin Sut;Mulin Sut;;
0;Via Sogn Antoni;Sogn Antoni;;
0;Craista Sura;Craista Sura;;
0;Sotto Löi;Sotto Löi;;
0;Sentiero alla Chiesa;Sentiero Chiesa;;
0;Via Sogn Giusep;Sogn Giusep;;
0;Voa pas Cheus;pas Cheus;;
0;Straglia Chanels;Straglia Chanels;;
0;Scalinàda di Scòl;Scalinada Scol;;
0;Voia sin Cresta;sin Cresta;;
0;Via Suot Mulin;Suot Mulin;;
0;Chemin de l'Essert-du-Chet;Essert Chet;;
0;Veja da Latsch;Veja Latsch;;
0;Carà Priola;Cara Priola;;
0;Cará de Técc Biánch;Cara Tecc Bianch;;
0;Bir Chircha;Bir Chircha;;
0;Tgaglia Pintga;Tgaglia Pintga;;
0;Chà d'Mez;Cha Mez;;
0;Veia Baselgia Viglia;Baselgia Viglia;http://www.wikidata.org/entity/Q108093573;Schutzgebiet in Natur- oder Landschaftsschutz
0;Hinterm Bach;Hinterm Bach;;
0;Sporz damiez;Sporz damiez;;
0;Runca Sut;Runca Sut;http://www.wikidata.org/entity/Q108097893;Schutzgebiet in Natur- oder Landschaftsschutz
0;Gassa Ca d'Pruz;Ca Pruz;;
0;Via Davous Selva;Davous Selva;;
0;Prà da Bügl;Pra Bügl;;
0;Arben-Brandstrasse;Arben Brand;;
0;Barbatschauns Sot;Barbatschauns Sot;;
0;Via dil Fieu;dil Fieu;;
0;Scala del Uspízzi;Scala Uspizzi;;
0;Chemin du Cheval-Brûlé;Cheval Brule;;
0;Carà del Zucon;Cara Zucon;;
